{"web":{"client_id":"448229193610-l1h3b2s719jrejjrmv235f2leckf67hc.apps.googleusercontent.com","project_id":"my-project-1533164818853","auth_uri":"https://accounts.google.com/o/oauth2/auth","token_uri":"https://oauth2.googleapis.com/token","auth_provider_x509_cert_url":"https://www.googleapis.com/oauth2/v1/certs","client_secret":"2L8hlmjJmQiho0wEkwaDWpnh","redirect_uris":["http://localhost:5000/callback","https://example.com/callback"],"javascript_origins":["http://localhost:8000","https://example.com"]}}